name,age,address
자바,32,원주
스프링,20,서울
데이터베이스,25,부산
자바,32,원주
스프링,20,서울
데이터베이스,25,부산
자바,32,원주
스프링,20,서울
데이터베이스,25,부산
자바,32,원주
스프링,20,서울
데이터베이스,25,부산
자바,32,원주
스프링,20,서울
데이터베이스,25,부산
자바,32,원주
스프링,20,서울
데이터베이스,25,부산
자바,32,원주
스프링,20,서울
데이터베이스,25,부산
자바,32,원주
스프링,20,서울
데이터베이스,25,부산
자바,32,원주
스프링,20,서울
데이터베이스,25,부산
자바,32,원주
스프링,20,서울
데이터베이스,25,부산
자바,32,원주
스프링,20,서울
데이터베이스,25,부산
자바,32,원주
스프링,20,서울
데이터베이스,25,부산
자바,32,원주
스프링,20,서울
데이터베이스,25,부산
자바,32,원주
스프링,20,서울
데이터베이스,25,부산
자바,32,원주
스프링,20,서울
데이터베이스,25,부산
자바,32,원주
스프링,20,서울
데이터베이스,25,부산
자바,32,원주
스프링,20,서울
데이터베이스,25,부산
자바,32,원주
스프링,20,서울
데이터베이스,25,부산
자바,32,원주
스프링,20,서울
데이터베이스,25,부산
자바,32,원주
스프링,20,서울
데이터베이스,25,부산
자바,32,원주
스프링,20,서울
데이터베이스,25,부산
자바,32,원주
스프링,20,서울
데이터베이스,25,부산
자바,32,원주
스프링,20,서울
데이터베이스,25,부산
자바,32,원주
스프링,20,서울
데이터베이스,25,부산
자바,32,원주
스프링,20,서울
데이터베이스,25,부산
자바,32,원주
스프링,20,서울
데이터베이스,25,부산
자바,32,원주
스프링,20,서울
데이터베이스,25,부산
자바,32,원주
스프링,20,서울
데이터베이스,25,부산
자바,32,원주
스프링,20,서울
데이터베이스,25,부산
자바,32,원주
스프링,20,서울
데이터베이스,25,부산
자바,32,원주
스프링,20,서울
데이터베이스,25,부산
자바,32,원주
스프링,20,서울
데이터베이스,25,부산
자바,32,원주
스프링,20,서울
데이터베이스,25,부산
자바,32,원주
,32,서울
,21,논산
,25,인천